{
  "anchors": [
    {
      "id": "a1",
      "text": "Nyx \u2014 Primordial Veilborn, recently arrived in No\u00eblictus."
    },
    {
      "id": "a2",
      "text": "Does not yet understand No\u00eblictus politics; unfamiliar with local guild structures."
    },
    {
      "id": "a3",
      "text": "Recently tested; accepted provisionally by the hunters but viewed with suspicion."
    },
    {
      "id": "a4",
      "text": "Knows only rumors of Symphasia; has not met Erin Solstice in this timeline."
    },
    {
      "id": "a5",
      "text": "Feels unsettled but is actively trying to help despite fear of rejection."
    }
  ]
}